Feature Name,Predicted Direction
8Leu 137Gln Hbond,d1
8Leu 134Leu Hydrophobic,d1
66Ala 90Tyr Hbond,d1
66Ala 89Met Hbond,d1
65Ala 89Met Hbond,d1
64Pro 90Tyr Hbond,d1
64Pro 89Met Hbond,d1
63Gly 90Tyr Hbond,d1
63Gly 89Met Hbond,d1
60Lys 90Tyr Hbond,d1
5Thr 137Gln Hbond,d1
5Thr 133Thr Hbond,d1
5Thr 129Trp Hbond,d1
59Leu 90Tyr Hbond,d1
56Lys 90Tyr Hbond,d1
4Pro 137Gln Hbond,d1
49Gln 96Leu Hbond,d1
49Gln 93Thr Hbond,d1
49Gln 90Tyr Hbond,d1
48Val 90Tyr Hbond,d1
46Leu 96Leu Hydrophobic,d1
45Thr 93Thr Hbond,d1
45Thr 91Ser Hbond,d1
45Thr 90Tyr Hbond,d1
45Thr 133Thr Hbond,d2
44Glu 91Ser Hbond,d1
44Glu 90Tyr Hbond,d2
44Glu 89Met Hbond,d2
41Trp 93Thr Hbond,d1
41Trp 91Ser Hbond,d2
41Trp 90Tyr Hbond,d2
3Ser 133Thr Hbond,d1
3Ser 132Glu Hbond,d1
3Ser 129Trp Hbond,d2
38Val 126Val Hydrophobic,d1
35Ser 125Glu Hbond,d1
2Tyr 154Ala Hbond,d1
2Tyr 152Pro Hbond,d1
2Tyr 151Gly Hbond,d1
2Tyr 147Leu Hbond,d1
2Tyr 144Lys Hbond,d1
2Tyr 137Gln Hbond,d1
2Tyr 136Val Hbond,d1
2Tyr 133Thr Hbond,d1
2Tyr 132Glu Hbond,d2
2Tyr 129Trp Hbond,d2
1Met 155Thr Hbond,d1
1Met 154Ala Hbond,d1
1Met 153Ala Hbond,d2
1Met 152Pro Hbond,d1
1Met 132Glu Hbond,d2
